market_id,top_outcome,top_prob,volume24h,last_delta,last_direction,flip_count_6h,updated_at,updated_at_iso
824952,No,84.5,5909.960296,0.0,0,0,1773178590532,2026-03-10T21:36:30.532000+00:00
692250,No,98.95,11139.496915,0.0,0,0,1773178590536,2026-03-10T21:36:30.536000+00:00
692258,No,95.0,5539.742502,0.0,0,0,1773178590540,2026-03-10T21:36:30.540000+00:00
678876,No,97.39999999999999,5175.537523999999,0.0,0,0,1773178590544,2026-03-10T21:36:30.544000+00:00
610236,No,97.75,8363.611490000001,0.0,0,0,1773178590547,2026-03-10T21:36:30.547000+00:00
597967,No,58.5,6301.558361000001,0.0,0,0,1773178590551,2026-03-10T21:36:30.551000+00:00
666655,Yes,64.0,5716.571499,0.0,0,0,1773178590554,2026-03-10T21:36:30.554000+00:00
1359701,No,96.05,7314.948249000001,0.0,0,0,1773178590558,2026-03-10T21:36:30.558000+00:00
540819,No,51.5,20610.205812999997,0.0,0,0,1773178590562,2026-03-10T21:36:30.562000+00:00
540881,No,98.15,129942.10803700003,0.0,0,0,1773178590565,2026-03-10T21:36:30.565000+00:00
677361,No,93.5,10588.477273,0.0,0,0,1773178590568,2026-03-10T21:36:30.568000+00:00
610256,No,95.15,20474.623736,0.0,0,0,1773178590572,2026-03-10T21:36:30.572000+00:00
553827,No,94.15,16891.595730999998,0.0,0,0,1773178590575,2026-03-10T21:36:30.575000+00:00
553844,No,98.8,7695.808464999999,0.0,0,0,1773178590580,2026-03-10T21:36:30.580000+00:00
553846,No,99.7,25993.936892,0.0,0,0,1773178590583,2026-03-10T21:36:30.583000+00:00
553825,No,99.7,5984.065108000001,0.0,0,0,1773178590587,2026-03-10T21:36:30.587000+00:00
553826,No,90.5,5570.89568,0.0,0,0,1773178590591,2026-03-10T21:36:30.591000+00:00
553845,No,99.85000000000001,26891.189000000006,0.0,0,0,1773178590594,2026-03-10T21:36:30.594000+00:00
553828,No,75.7,538402.545954,0.0,0,0,1773178590598,2026-03-10T21:36:30.598000+00:00
553829,No,94.75,19060.57069300001,0.0,0,0,1773178590601,2026-03-10T21:36:30.601000+00:00
553855,No,99.55000000000001,8226.97425,0.0,0,0,1773178590605,2026-03-10T21:36:30.605000+00:00
553849,No,98.0,12838.361013,0.0,0,0,1773178590609,2026-03-10T21:36:30.609000+00:00
553831,No,99.45,17307.869277,0.0,0,0,1773178590612,2026-03-10T21:36:30.612000+00:00
553850,No,98.95,5827.390086,0.0,0,0,1773178590616,2026-03-10T21:36:30.616000+00:00
553832,No,99.75,22685.043500000003,0.0,0,0,1773178590620,2026-03-10T21:36:30.620000+00:00
553833,No,99.4,56337.131473,0.0,0,0,1773178590624,2026-03-10T21:36:30.624000+00:00
553834,No,99.75,9610.143000000002,0.0,0,0,1773178590628,2026-03-10T21:36:30.628000+00:00
553854,No,99.85000000000001,23483.741500000004,0.0,0,0,1773178590633,2026-03-10T21:36:30.633000+00:00
553836,No,99.75,28012.661833000002,0.0,0,0,1773178590637,2026-03-10T21:36:30.637000+00:00
553837,No,98.25,9212.883236,0.0,0,0,1773178590640,2026-03-10T21:36:30.640000+00:00
553838,No,93.4,18225.580445000003,0.0,0,0,1773178590644,2026-03-10T21:36:30.644000+00:00
553839,No,97.95,11361.227480000003,0.0,0,0,1773178590648,2026-03-10T21:36:30.648000+00:00
553840,No,99.85000000000001,10769.445000000002,0.0,0,0,1773178590651,2026-03-10T21:36:30.651000+00:00
553841,No,99.85000000000001,30009.742833000004,0.0,0,0,1773178590654,2026-03-10T21:36:30.654000+00:00
553842,No,98.75,6101.429766,0.0,0,0,1773178590657,2026-03-10T21:36:30.657000+00:00
553843,No,99.85000000000001,9620.034000000001,0.0,0,0,1773178590661,2026-03-10T21:36:30.661000+00:00
553848,No,98.0,5961.844739,0.0,0,0,1773178590664,2026-03-10T21:36:30.664000+00:00
553851,No,94.95,17923.572381000005,0.0,0,0,1773178590668,2026-03-10T21:36:30.668000+00:00
553852,No,98.0,13250.008973000002,0.0,0,0,1773178590672,2026-03-10T21:36:30.672000+00:00
553853,No,99.45,34840.13465,0.0,0,0,1773178590675,2026-03-10T21:36:30.675000+00:00
553856,No,64.5,65413.00277699998,0.0,0,0,1773178590679,2026-03-10T21:36:30.679000+00:00
553860,No,97.2,59396.46303600004,0.0,0,0,1773178590682,2026-03-10T21:36:30.682000+00:00
553875,No,99.85000000000001,81722.74199999998,0.0,0,0,1773178590685,2026-03-10T21:36:30.685000+00:00
553876,No,99.25,125350.99509,0.0,0,0,1773178590689,2026-03-10T21:36:30.689000+00:00
553878,No,99.85000000000001,98555.99099999998,0.0,0,0,1773178590693,2026-03-10T21:36:30.693000+00:00
553857,No,94.3,42982.526298000004,0.0,0,0,1773178590697,2026-03-10T21:36:30.697000+00:00
553858,No,95.25,41269.749857,0.0,0,0,1773178590701,2026-03-10T21:36:30.701000+00:00
553859,No,97.35000000000001,41028.170979,0.0,0,0,1773178590705,2026-03-10T21:36:30.705000+00:00
553877,No,99.35000000000001,146210.3148269999,0.0,0,0,1773178590709,2026-03-10T21:36:30.709000+00:00
553862,No,87.35000000000001,32721.087634,0.0,0,0,1773178590713,2026-03-10T21:36:30.713000+00:00
553861,No,99.95,21293.41,0.0,0,0,1773178590717,2026-03-10T21:36:30.717000+00:00
553864,No,99.45,120838.29149200002,0.0,0,0,1773178590720,2026-03-10T21:36:30.720000+00:00
553865,No,90.5,23258.41424,0.0,0,0,1773178590724,2026-03-10T21:36:30.724000+00:00
553866,No,87.1,32271.858170999996,0.0,0,0,1773178590728,2026-03-10T21:36:30.728000+00:00
553872,No,99.95,24981.66,0.0,0,0,1773178590733,2026-03-10T21:36:30.733000+00:00
553868,No,98.8,121500.38412199999,0.0,0,0,1773178590738,2026-03-10T21:36:30.738000+00:00
553867,No,99.25,50011.606582,0.0,0,0,1773178590742,2026-03-10T21:36:30.742000+00:00
553870,No,99.95,45081.62,0.0,0,0,1773178590746,2026-03-10T21:36:30.746000+00:00
553871,No,94.65,39999.30383400002,0.0,0,0,1773178590750,2026-03-10T21:36:30.750000+00:00
553874,No,99.85000000000001,98531.669,0.0,0,0,1773178590754,2026-03-10T21:36:30.754000+00:00
553863,No,98.3,116436.52704,0.0,0,0,1773178590758,2026-03-10T21:36:30.758000+00:00
553879,No,99.65,171741.882983,0.0,0,0,1773178590761,2026-03-10T21:36:30.761000+00:00
553881,No,99.65,55096.932657,0.0,0,0,1773178590765,2026-03-10T21:36:30.765000+00:00
553880,No,99.95,31427.5,0.0,0,0,1773178590768,2026-03-10T21:36:30.768000+00:00
553882,No,98.85000000000001,292060.33728300006,0.0,0,0,1773178590772,2026-03-10T21:36:30.772000+00:00
553883,No,99.85000000000001,137801.025,0.0,0,0,1773178590775,2026-03-10T21:36:30.775000+00:00
553884,No,99.95,11153.92,0.0,0,0,1773178590779,2026-03-10T21:36:30.779000+00:00
553873,No,98.75,58855.65729200002,0.0,0,0,1773178590782,2026-03-10T21:36:30.782000+00:00
553869,No,99.45,148301.91826600002,0.0,0,0,1773178590785,2026-03-10T21:36:30.785000+00:00
553885,No,99.95,12150.33,0.0,0,0,1773178590788,2026-03-10T21:36:30.788000+00:00
556063,No,98.55000000000001,8781.761527999999,0.0,0,0,1773178590792,2026-03-10T21:36:30.792000+00:00
965261,Yes,53.5,5137.913804,0.0,0,0,1773178590795,2026-03-10T21:36:30.795000+00:00
556108,Yes,65.7,106631.767676,0.0,0,0,1773178590799,2026-03-10T21:36:30.799000+00:00
558934,No,84.55,81836.84063200002,0.0,0,0,1773178590802,2026-03-10T21:36:30.802000+00:00
558957,No,99.85000000000001,339146.6990000001,0.0,0,0,1773178590805,2026-03-10T21:36:30.805000+00:00
558974,No,99.15,140147.49884900003,0.0,0,0,1773178590808,2026-03-10T21:36:30.808000+00:00
558935,No,86.75,56885.22180600001,0.0,0,0,1773178590811,2026-03-10T21:36:30.811000+00:00
558936,No,89.14999999999999,48391.76886299998,0.0,0,0,1773178590814,2026-03-10T21:36:30.814000+00:00
558961,No,99.35000000000001,96176.57582900002,0.0,0,0,1773178590817,2026-03-10T21:36:30.817000+00:00
558977,No,99.85000000000001,76883.797,0.0,0,0,1773178590820,2026-03-10T21:36:30.820000+00:00
558937,No,91.35,166311.27998400002,0.0,0,0,1773178590823,2026-03-10T21:36:30.823000+00:00
558962,No,99.85000000000001,121957.354,0.0,0,0,1773178590826,2026-03-10T21:36:30.826000+00:00
558978,No,99.85000000000001,86874.01800000001,0.0,0,0,1773178590829,2026-03-10T21:36:30.829000+00:00
558938,No,88.44999999999999,41503.290462,0.0,0,0,1773178590832,2026-03-10T21:36:30.832000+00:00
558939,No,94.55,52433.70102999996,0.0,0,0,1773178590835,2026-03-10T21:36:30.835000+00:00
558947,No,98.25,264057.366079,0.0,0,0,1773178590838,2026-03-10T21:36:30.838000+00:00
558959,No,99.85000000000001,83953.25,0.0,0,0,1773178590841,2026-03-10T21:36:30.841000+00:00
558940,No,92.85,52211.22542600004,0.0,0,0,1773178590844,2026-03-10T21:36:30.844000+00:00
558967,No,99.75,1368651.075999,0.0,0,0,1773178590848,2026-03-10T21:36:30.848000+00:00
558941,No,96.8,74820.95064500006,0.0,0,0,1773178590851,2026-03-10T21:36:30.851000+00:00
558969,No,99.75,179498.11283300005,0.0,0,0,1773178590855,2026-03-10T21:36:30.855000+00:00
558942,No,98.0,140946.83360699998,0.0,0,0,1773178590858,2026-03-10T21:36:30.858000+00:00
558943,No,98.35000000000001,101540.53264399999,0.0,0,0,1773178590861,2026-03-10T21:36:30.861000+00:00
558952,No,99.55000000000001,149985.03924999997,0.0,0,0,1773178590864,2026-03-10T21:36:30.864000+00:00
558944,No,99.05000000000001,71047.743995,0.0,0,0,1773178590867,2026-03-10T21:36:30.867000+00:00
558945,No,98.95,31315.396031,0.0,0,0,1773178590870,2026-03-10T21:36:30.870000+00:00
558956,No,99.65,119047.87999700001,0.0,0,0,1773178590873,2026-03-10T21:36:30.873000+00:00
558973,No,99.55000000000001,143646.62749999997,0.0,0,0,1773178590876,2026-03-10T21:36:30.876000+00:00
558949,No,98.35000000000001,43929.38660099999,0.0,0,0,1773178590878,2026-03-10T21:36:30.878000+00:00
558951,No,96.65,47874.52542400002,0.0,0,0,1773178590880,2026-03-10T21:36:30.880000+00:00
558954,No,99.85000000000001,78800.82499999998,0.0,0,0,1773178590882,2026-03-10T21:36:30.882000+00:00
558955,No,99.15,72885.89041500002,0.0,0,0,1773178590885,2026-03-10T21:36:30.885000+00:00
558960,No,99.85000000000001,57095.69499999999,0.0,0,0,1773178590887,2026-03-10T21:36:30.887000+00:00
558963,No,98.45,18515.367723,0.0,0,0,1773178590889,2026-03-10T21:36:30.889000+00:00
558964,No,99.75,118809.47333299999,0.0,0,0,1773178590891,2026-03-10T21:36:30.891000+00:00
558965,No,99.25,153689.57182699998,0.0,0,0,1773178590894,2026-03-10T21:36:30.894000+00:00
558966,No,99.55000000000001,82955.7055,0.0,0,0,1773178590897,2026-03-10T21:36:30.897000+00:00
558970,No,99.85000000000001,67378.25500000002,0.0,0,0,1773178590900,2026-03-10T21:36:30.900000+00:00
558971,No,99.75,66354.60999999999,0.0,0,0,1773178590903,2026-03-10T21:36:30.903000+00:00
558946,No,98.25,140549.270589,0.0,0,0,1773178590906,2026-03-10T21:36:30.906000+00:00
558958,No,99.65,428245.63616500003,0.0,0,0,1773178590908,2026-03-10T21:36:30.908000+00:00
558972,No,99.85000000000001,81512.46399999999,0.0,0,0,1773178590910,2026-03-10T21:36:30.910000+00:00
558975,No,99.45,127784.0691949999,0.0,0,0,1773178590912,2026-03-10T21:36:30.912000+00:00
558976,No,98.95,146032.929168,0.0,0,0,1773178590914,2026-03-10T21:36:30.914000+00:00
558968,No,99.65,74716.787659,0.0,0,0,1773178590916,2026-03-10T21:36:30.916000+00:00
559651,No,91.35,38959.43889799998,0.0,0,0,1773178590919,2026-03-10T21:36:30.919000+00:00
559657,No,98.9,575185.7635529999,0.0,0,0,1773178590921,2026-03-10T21:36:30.921000+00:00
559659,No,98.6,59590.33593899999,0.0,0,0,1773178590923,2026-03-10T21:36:30.923000+00:00
559687,No,99.25,74133.24256199998,0.0,0,0,1773178590925,2026-03-10T21:36:30.925000+00:00
559660,No,97.75,35241.93379399998,0.0,0,0,1773178590926,2026-03-10T21:36:30.926000+00:00
559695,No,97.8,72476.16836500008,0.0,0,0,1773178590928,2026-03-10T21:36:30.928000+00:00
559654,No,96.39999999999999,158121.24259300012,0.0,0,0,1773178590930,2026-03-10T21:36:30.930000+00:00
559661,No,95.3,22799.049611999995,0.0,0,0,1773178590933,2026-03-10T21:36:30.933000+00:00
559670,No,98.95,38335.66197000001,0.0,0,0,1773178590935,2026-03-10T21:36:30.935000+00:00
559664,No,99.15,168768.45715100013,0.0,0,0,1773178590938,2026-03-10T21:36:30.938000+00:00
559676,No,99.05000000000001,221844.63663499997,0.0,0,0,1773178590941,2026-03-10T21:36:30.941000+00:00
559683,No,99.15,72336.42355400001,0.0,0,0,1773178590943,2026-03-10T21:36:30.943000+00:00
559665,No,98.75,147641.362491,0.0,0,0,1773178590946,2026-03-10T21:36:30.946000+00:00
559675,No,97.95,85679.14426500002,0.0,0,0,1773178590949,2026-03-10T21:36:30.949000+00:00
559666,No,99.25,95337.894423,0.0,0,0,1773178590951,2026-03-10T21:36:30.951000+00:00
559679,No,99.25,281055.2486190001,0.0,0,0,1773178590954,2026-03-10T21:36:30.954000+00:00
559668,No,97.75,107597.06584200003,0.0,0,0,1773178590956,2026-03-10T21:36:30.956000+00:00
559678,No,99.05000000000001,121239.40365800002,0.0,0,0,1773178590959,2026-03-10T21:36:30.959000+00:00
559689,No,99.15,52232.25263800002,0.0,0,0,1773178590961,2026-03-10T21:36:30.961000+00:00
559667,No,98.85000000000001,167606.63175900007,0.0,0,0,1773178590965,2026-03-10T21:36:30.965000+00:00
559671,No,98.95,102417.81119200001,0.0,0,0,1773178590968,2026-03-10T21:36:30.968000+00:00
559688,No,99.05000000000001,131120.92476500003,0.0,0,0,1773178590971,2026-03-10T21:36:30.971000+00:00
559653,No,90.75,47401.77418400003,0.0,0,0,1773178590974,2026-03-10T21:36:30.974000+00:00
559669,No,98.45,48320.626925,0.0,0,0,1773178590977,2026-03-10T21:36:30.977000+00:00
559673,No,98.95,73841.39445899997,0.0,0,0,1773178590980,2026-03-10T21:36:30.980000+00:00
559690,No,99.15,75950.33733100002,0.0,0,0,1773178590983,2026-03-10T21:36:30.983000+00:00
559693,No,98.2,7350.434026999999,0.0,0,0,1773178590987,2026-03-10T21:36:30.987000+00:00
559674,No,99.25,136739.198563,0.0,0,0,1773178590990,2026-03-10T21:36:30.990000+00:00
559662,No,98.95,172906.01526100002,0.0,0,0,1773178590993,2026-03-10T21:36:30.993000+00:00
559680,No,98.95,95893.238832,0.0,0,0,1773178590996,2026-03-10T21:36:30.996000+00:00
559656,No,98.45,192250.182386,0.0,0,0,1773178590999,2026-03-10T21:36:30.999000+00:00
559663,No,98.05,268848.45005500026,0.0,0,0,1773178591002,2026-03-10T21:36:31.002000+00:00
559681,No,98.95,29794.25894400001,0.0,0,0,1773178591005,2026-03-10T21:36:31.005000+00:00
559682,No,99.05000000000001,134758.32387999998,0.0,0,0,1773178591008,2026-03-10T21:36:31.008000+00:00
559684,No,99.15,111294.66766399994,0.0,0,0,1773178591011,2026-03-10T21:36:31.011000+00:00
559686,No,98.55000000000001,159602.84466799998,0.0,0,0,1773178591014,2026-03-10T21:36:31.014000+00:00
559685,No,99.05000000000001,115080.37232699999,0.0,0,0,1773178591017,2026-03-10T21:36:31.017000+00:00
559691,No,99.05000000000001,58720.556081999996,0.0,0,0,1773178591020,2026-03-10T21:36:31.020000+00:00
559694,No,98.45,23112.620565000005,0.0,0,0,1773178591023,2026-03-10T21:36:31.023000+00:00
559658,No,94.85,158764.66070200002,0.0,0,0,1773178591027,2026-03-10T21:36:31.027000+00:00
559677,No,99.15,86532.727638,0.0,0,0,1773178591030,2026-03-10T21:36:31.030000+00:00
559655,No,96.05,36632.800916999986,0.0,0,0,1773178591033,2026-03-10T21:36:31.033000+00:00
559652,No,74.85000000000001,478805.8201790005,0.0,0,0,1773178591036,2026-03-10T21:36:31.036000+00:00
559672,No,99.15,41718.67042900003,0.0,0,0,1773178591039,2026-03-10T21:36:31.039000+00:00
559692,No,99.15,556416.0712719999,0.0,0,0,1773178591042,2026-03-10T21:36:31.042000+00:00
560317,No,89.5,10226.235234999998,0.0,0,0,1773178591045,2026-03-10T21:36:31.045000+00:00
561263,No,99.15,114026.72786,0.0,0,0,1773178591048,2026-03-10T21:36:31.048000+00:00
561229,No,78.95,102632.243703,0.0,0,0,1773178591051,2026-03-10T21:36:31.051000+00:00
561250,No,98.75,355394.8393329998,0.0,0,0,1773178591054,2026-03-10T21:36:31.054000+00:00
561230,No,81.15,174960.0334259999,0.0,0,0,1773178591058,2026-03-10T21:36:31.058000+00:00
561232,No,98.05,14367.678422,0.0,0,0,1773178591061,2026-03-10T21:36:31.061000+00:00
561247,No,99.15,190576.64390199992,0.0,0,0,1773178591064,2026-03-10T21:36:31.064000+00:00
561261,No,97.85000000000001,26937.765952,0.0,0,0,1773178591067,2026-03-10T21:36:31.067000+00:00
561233,No,97.55,18421.942743999996,0.0,0,0,1773178591070,2026-03-10T21:36:31.070000+00:00
561236,No,98.95,106627.26450700001,0.0,0,0,1773178591073,2026-03-10T21:36:31.073000+00:00
561234,No,86.4,82716.11318300001,0.0,0,0,1773178591076,2026-03-10T21:36:31.076000+00:00
561231,No,94.65,177578.128264,0.0,0,0,1773178591080,2026-03-10T21:36:31.080000+00:00
561235,No,99.05000000000001,64791.02143700002,0.0,0,0,1773178591083,2026-03-10T21:36:31.083000+00:00
561246,No,98.35000000000001,26251.287852999998,0.0,0,0,1773178591086,2026-03-10T21:36:31.086000+00:00
561251,No,99.25,198112.53127199996,0.0,0,0,1773178591089,2026-03-10T21:36:31.089000+00:00
561237,No,98.4,590542.2237689999,0.0,0,0,1773178591092,2026-03-10T21:36:31.092000+00:00
561238,No,99.05000000000001,386668.423989,0.0,0,0,1773178591095,2026-03-10T21:36:31.095000+00:00
561253,No,98.65,22563.538599000003,0.0,0,0,1773178591098,2026-03-10T21:36:31.098000+00:00
561239,No,96.75,67208.62865200007,0.0,0,0,1773178591101,2026-03-10T21:36:31.101000+00:00
561255,No,98.75,223852.19687800005,0.0,0,0,1773178591104,2026-03-10T21:36:31.104000+00:00
561240,No,98.95,165727.09004699998,0.0,0,0,1773178591106,2026-03-10T21:36:31.106000+00:00
561242,No,98.95,29714.045221000004,0.0,0,0,1773178591109,2026-03-10T21:36:31.109000+00:00
561241,No,98.65,8881.967137,0.0,0,0,1773178591111,2026-03-10T21:36:31.111000+00:00
561243,No,98.15,52725.88239199997,0.0,0,0,1773178591114,2026-03-10T21:36:31.114000+00:00
561258,No,98.85000000000001,42322.133591,0.0,0,0,1773178591117,2026-03-10T21:36:31.117000+00:00
561244,No,99.05000000000001,63797.37927900001,0.0,0,0,1773178591120,2026-03-10T21:36:31.120000+00:00
561245,No,98.25,136620.81931800002,0.0,0,0,1773178591122,2026-03-10T21:36:31.122000+00:00
561248,No,99.05000000000001,113898.360542,0.0,0,0,1773178591125,2026-03-10T21:36:31.125000+00:00
561252,No,98.35000000000001,58753.32394099999,0.0,0,0,1773178591128,2026-03-10T21:36:31.128000+00:00
561249,No,99.05000000000001,370513.0970970002,0.0,0,0,1773178591131,2026-03-10T21:36:31.131000+00:00
561254,No,99.25,623443.772135,0.0,0,0,1773178591134,2026-03-10T21:36:31.134000+00:00
561256,No,99.15,160703.968165,0.0,0,0,1773178591137,2026-03-10T21:36:31.137000+00:00
561257,No,98.65,44816.26387,0.0,0,0,1773178591140,2026-03-10T21:36:31.140000+00:00
561259,No,99.15,133835.700247,0.0,0,0,1773178591143,2026-03-10T21:36:31.143000+00:00
561260,No,98.65,29861.15631,0.0,0,0,1773178591146,2026-03-10T21:36:31.146000+00:00
561262,No,99.15,272168.766579,0.0,0,0,1773178591149,2026-03-10T21:36:31.149000+00:00
561373,No,99.95,11780.0,0.0,0,0,1773178591152,2026-03-10T21:36:31.152000+00:00
561829,No,97.85000000000001,268547.653967,0.0,0,0,1773178591155,2026-03-10T21:36:31.155000+00:00
561973,No,98.05,155075.87143700002,0.0,0,0,1773178591158,2026-03-10T21:36:31.158000+00:00
561974,No,61.150000000000006,172486.51463000008,0.0,0,0,1773178591161,2026-03-10T21:36:31.161000+00:00
562000,No,98.85000000000001,179359.63092700008,0.0,0,0,1773178591165,2026-03-10T21:36:31.165000+00:00
561975,No,73.45,229042.55900399998,0.0,0,0,1773178591168,2026-03-10T21:36:31.168000+00:00
561976,No,98.85000000000001,83103.899257,0.0,0,0,1773178591171,2026-03-10T21:36:31.171000+00:00
561977,No,98.55000000000001,148049.04464099996,0.0,0,0,1773178591175,2026-03-10T21:36:31.175000+00:00
562003,No,99.05000000000001,148943.044543,0.0,0,0,1773178591178,2026-03-10T21:36:31.178000+00:00
561978,No,98.55000000000001,100715.168326,0.0,0,0,1773178591182,2026-03-10T21:36:31.182000+00:00
561991,No,98.75,244103.45299000002,0.0,0,0,1773178591185,2026-03-10T21:36:31.185000+00:00
561979,No,97.55,388801.916569,0.0,0,0,1773178591189,2026-03-10T21:36:31.189000+00:00
562004,No,98.75,74747.05780899999,0.0,0,0,1773178591193,2026-03-10T21:36:31.193000+00:00
561980,No,99.05000000000001,116913.64731100004,0.0,0,0,1773178591196,2026-03-10T21:36:31.196000+00:00
561981,No,98.55000000000001,93350.62328300001,0.0,0,0,1773178591199,2026-03-10T21:36:31.199000+00:00
562006,No,99.15,242604.91155100003,0.0,0,0,1773178591203,2026-03-10T21:36:31.203000+00:00
561982,No,99.05000000000001,126303.57695999999,0.0,0,0,1773178591206,2026-03-10T21:36:31.206000+00:00
561983,No,98.85000000000001,97415.79751299997,0.0,0,0,1773178591209,2026-03-10T21:36:31.209000+00:00
561985,No,98.85000000000001,256397.97661499996,0.0,0,0,1773178591213,2026-03-10T21:36:31.213000+00:00
561984,No,99.25,113440.74090900003,0.0,0,0,1773178591217,2026-03-10T21:36:31.217000+00:00
561996,No,98.45,78009.782709,0.0,0,0,1773178591221,2026-03-10T21:36:31.221000+00:00
561986,No,99.15,186987.77592000004,0.0,0,0,1773178591225,2026-03-10T21:36:31.225000+00:00
561998,No,98.95,74960.77332000001,0.0,0,0,1773178591229,2026-03-10T21:36:31.229000+00:00
561987,No,99.25,165771.087406,0.0,0,0,1773178591233,2026-03-10T21:36:31.233000+00:00
561988,No,99.15,157244.90879400002,0.0,0,0,1773178591237,2026-03-10T21:36:31.237000+00:00
561989,No,98.85000000000001,273295.55071099993,0.0,0,0,1773178591241,2026-03-10T21:36:31.241000+00:00
561990,No,98.85000000000001,150854.580641,0.0,0,0,1773178591246,2026-03-10T21:36:31.246000+00:00
562002,No,99.25,97038.897384,0.0,0,0,1773178591250,2026-03-10T21:36:31.250000+00:00
561992,No,98.95,84840.005837,0.0,0,0,1773178591254,2026-03-10T21:36:31.254000+00:00
562005,No,98.35000000000001,78180.434851,0.0,0,0,1773178591258,2026-03-10T21:36:31.258000+00:00
561993,No,99.25,195916.19128700005,0.0,0,0,1773178591262,2026-03-10T21:36:31.262000+00:00
561994,No,99.25,259711.50522499994,0.0,0,0,1773178591267,2026-03-10T21:36:31.267000+00:00
561995,No,99.25,162693.45079100004,0.0,0,0,1773178591271,2026-03-10T21:36:31.271000+00:00
561999,No,98.95,147567.86980899994,0.0,0,0,1773178591275,2026-03-10T21:36:31.275000+00:00
562001,No,99.15,188633.60010999997,0.0,0,0,1773178591279,2026-03-10T21:36:31.279000+00:00
562186,No,65.5,96929.90308300006,0.0,0,0,1773178591283,2026-03-10T21:36:31.283000+00:00
562187,Yes,63.5,63955.54983000002,0.0,0,0,1773178591290,2026-03-10T21:36:31.290000+00:00
562190,No,99.9,16127.323266000001,0.0,0,0,1773178591295,2026-03-10T21:36:31.295000+00:00
562793,No,53.5,5467.494283,0.0,0,0,1773178591298,2026-03-10T21:36:31.298000+00:00
562794,Yes,53.5,5069.517361,0.0,0,0,1773178591300,2026-03-10T21:36:31.300000+00:00
562828,No,56.49999999999999,21457.720023999995,0.0,0,0,1773178591302,2026-03-10T21:36:31.302000+00:00
562829,No,99.05000000000001,10508.927934000001,0.0,0,0,1773178591304,2026-03-10T21:36:31.304000+00:00
562830,No,63.0,5218.671081,0.0,0,0,1773178591307,2026-03-10T21:36:31.307000+00:00
562831,No,81.5,43197.879971,0.0,0,0,1773178591310,2026-03-10T21:36:31.310000+00:00
562832,No,99.65,12607.547205000003,0.0,0,0,1773178591312,2026-03-10T21:36:31.312000+00:00
564178,No,99.95,15974.1,0.0,0,0,1773178591315,2026-03-10T21:36:31.315000+00:00
564179,No,99.95,61855.46,0.0,0,0,1773178591317,2026-03-10T21:36:31.317000+00:00
564180,No,99.95,604717.6300000001,0.0,0,0,1773178591319,2026-03-10T21:36:31.319000+00:00
564181,No,99.9,97892.07000000002,0.0,0,0,1773178591321,2026-03-10T21:36:31.321000+00:00
564183,No,99.85000000000001,6874.034832999998,0.0,0,0,1773178591324,2026-03-10T21:36:31.324000+00:00
564161,No,96.45,29375.319886000005,0.0,0,0,1773178591326,2026-03-10T21:36:31.326000+00:00
564162,Yes,88.5,29007.261125000005,0.0,0,0,1773178591329,2026-03-10T21:36:31.329000+00:00
564163,No,99.15,23347.204768000003,0.0,0,0,1773178591332,2026-03-10T21:36:31.332000+00:00
564165,No,99.6,51075.433325000005,0.0,0,0,1773178591335,2026-03-10T21:36:31.335000+00:00
564166,No,96.39999999999999,56625.60911200001,0.0,0,0,1773178591338,2026-03-10T21:36:31.338000+00:00
564168,No,97.8,40447.529976000005,0.0,0,0,1773178591341,2026-03-10T21:36:31.341000+00:00
564170,No,99.95,6063.645,0.0,0,0,1773178591344,2026-03-10T21:36:31.344000+00:00
564169,No,99.95,15800.590999999999,0.0,0,0,1773178591348,2026-03-10T21:36:31.348000+00:00
564175,No,99.65,65866.821594,0.0,0,0,1773178591351,2026-03-10T21:36:31.351000+00:00
564204,No,96.39999999999999,15545.825128999993,0.0,0,0,1773178591354,2026-03-10T21:36:31.354000+00:00
564208,No,94.75,7985.266018,0.0,0,0,1773178591358,2026-03-10T21:36:31.358000+00:00
564205,No,92.75,255850.96523,0.0,0,0,1773178591362,2026-03-10T21:36:31.362000+00:00
564213,No,95.05,5171.829610999999,0.0,0,0,1773178591366,2026-03-10T21:36:31.366000+00:00
564216,No,97.3,558074.3947609998,0.0,0,0,1773178591371,2026-03-10T21:36:31.371000+00:00
566139,No,94.5,66850.62202400003,0.0,0,0,1773178591374,2026-03-10T21:36:31.374000+00:00
566140,No,72.5,193360.9256119997,0.0,0,0,1773178591377,2026-03-10T21:36:31.377000+00:00
566141,No,90.5,65417.337152999986,0.0,0,0,1773178591380,2026-03-10T21:36:31.380000+00:00
566142,No,80.5,69105.170408,0.0,0,0,1773178591383,2026-03-10T21:36:31.383000+00:00
566144,No,98.75,162261.019844,0.0,0,0,1773178591386,2026-03-10T21:36:31.386000+00:00
566165,No,98.75,230588.32155799997,0.0,0,0,1773178591389,2026-03-10T21:36:31.389000+00:00
566146,No,95.1,240410.89206300004,0.0,0,0,1773178591393,2026-03-10T21:36:31.393000+00:00
566149,No,99.65,750524.5122849998,0.0,0,0,1773178591396,2026-03-10T21:36:31.396000+00:00
566150,No,99.45,210987.465025,0.0,0,0,1773178591399,2026-03-10T21:36:31.399000+00:00
566172,No,98.15,366207.54325799993,0.0,0,0,1773178591402,2026-03-10T21:36:31.402000+00:00
566152,No,99.75,291242.32720400003,0.0,0,0,1773178591405,2026-03-10T21:36:31.405000+00:00
566143,No,96.89999999999999,137581.79843899998,0.0,0,0,1773178591409,2026-03-10T21:36:31.409000+00:00
566136,No,91.5,76201.45189799998,0.0,0,0,1773178591413,2026-03-10T21:36:31.413000+00:00
566137,No,94.5,106205.88127800013,0.0,0,0,1773178591417,2026-03-10T21:36:31.417000+00:00
566159,No,98.85000000000001,92312.190607,0.0,0,0,1773178591421,2026-03-10T21:36:31.421000+00:00
566170,No,99.95,18126.83,0.0,0,0,1773178591425,2026-03-10T21:36:31.425000+00:00
566138,No,86.5,109177.14735199997,0.0,0,0,1773178591429,2026-03-10T21:36:31.429000+00:00
566201,No,99.95,7703.01,0.0,0,0,1773178591433,2026-03-10T21:36:31.433000+00:00
566187,Yes,80.5,46502.10562900003,0.0,0,0,1773178591437,2026-03-10T21:36:31.437000+00:00
566188,No,81.5,90095.62801999996,0.0,0,0,1773178591441,2026-03-10T21:36:31.441000+00:00
566189,No,99.9,3350335.322,0.0,0,0,1773178591445,2026-03-10T21:36:31.445000+00:00
566191,No,99.7,79179.64661,0.0,0,0,1773178591448,2026-03-10T21:36:31.448000+00:00
566193,No,99.85000000000001,114666.38200000001,0.0,0,0,1773178591452,2026-03-10T21:36:31.452000+00:00
566240,No,99.95,6019.8,0.0,0,0,1773178591455,2026-03-10T21:36:31.455000+00:00
566228,Yes,82.5,10649.005918,0.0,0,0,1773178591459,2026-03-10T21:36:31.459000+00:00
566230,No,99.75,292614.609666,0.0,0,0,1773178591462,2026-03-10T21:36:31.462000+00:00
566231,No,99.95,64246.69,0.0,0,0,1773178591466,2026-03-10T21:36:31.466000+00:00
566229,No,99.85000000000001,95243.554,0.0,0,0,1773178591470,2026-03-10T21:36:31.470000+00:00
1006892,No,88.0,6280.268407,0.0,0,0,1773178591474,2026-03-10T21:36:31.474000+00:00
1397302,No,72.5,9344.87075,0.0,0,0,1773178591477,2026-03-10T21:36:31.477000+00:00
566512,Yes,86.0,6161.456258,0.0,0,0,1773178591481,2026-03-10T21:36:31.481000+00:00
566732,No,99.85000000000001,6475.951,0.0,0,0,1773178591485,2026-03-10T21:36:31.485000+00:00
566737,No,89.7,268251.66154899995,0.0,0,0,1773178591488,2026-03-10T21:36:31.488000+00:00
567560,No,63.5,28381.457759999998,0.0,0,0,1773178591494,2026-03-10T21:36:31.494000+00:00
567561,Yes,62.5,29569.735936999998,0.0,0,0,1773178591503,2026-03-10T21:36:31.503000+00:00
567562,No,99.85000000000001,22482.936000000005,0.0,0,0,1773178591506,2026-03-10T21:36:31.506000+00:00
567563,No,98.95,76032.733088,0.0,0,0,1773178591515,2026-03-10T21:36:31.515000+00:00
567564,No,99.55000000000001,90670.879176,0.0,0,0,1773178591518,2026-03-10T21:36:31.518000+00:00
567565,No,99.85000000000001,32927.655,0.0,0,0,1773178591521,2026-03-10T21:36:31.521000+00:00
567621,No,89.85,41123.191959,0.0,0,0,1773178591524,2026-03-10T21:36:31.524000+00:00
567687,No,58.5,39078.279617999986,0.0,0,0,1773178591527,2026-03-10T21:36:31.527000+00:00
568634,No,97.15,214318.44617899987,0.0,0,0,1773178591530,2026-03-10T21:36:31.530000+00:00
568642,No,99.25,7832.761489999999,0.0,0,0,1773178591533,2026-03-10T21:36:31.533000+00:00
568668,No,98.45,70287.88496299999,0.0,0,0,1773178591536,2026-03-10T21:36:31.536000+00:00
568681,No,99.75,10777.714,0.0,0,0,1773178591539,2026-03-10T21:36:31.539000+00:00
568635,No,94.39999999999999,7613.0971869999985,0.0,0,0,1773178591542,2026-03-10T21:36:31.542000+00:00
568643,No,98.95,57325.814802,0.0,0,0,1773178591545,2026-03-10T21:36:31.545000+00:00
568650,No,98.1,253681.222534,0.0,0,0,1773178591547,2026-03-10T21:36:31.547000+00:00
568657,No,98.95,84527.900199,0.0,0,0,1773178591550,2026-03-10T21:36:31.550000+00:00
568658,No,99.55000000000001,5263.333976000001,0.0,0,0,1773178591553,2026-03-10T21:36:31.553000+00:00
568685,No,99.75,10636.309,0.0,0,0,1773178591556,2026-03-10T21:36:31.556000+00:00
568637,No,97.35000000000001,228562.65554700003,0.0,0,0,1773178591559,2026-03-10T21:36:31.559000+00:00
568652,No,96.7,12732.847989000002,0.0,0,0,1773178591562,2026-03-10T21:36:31.562000+00:00
568665,No,99.25,21476.657714,0.0,0,0,1773178591565,2026-03-10T21:36:31.565000+00:00
568675,No,99.6,9918.179,0.0,0,0,1773178591568,2026-03-10T21:36:31.568000+00:00
568686,No,99.75,7896.740227,0.0,0,0,1773178591571,2026-03-10T21:36:31.571000+00:00
568629,No,79.5,7589.842651,0.0,0,0,1773178591574,2026-03-10T21:36:31.574000+00:00
568653,No,98.25,211340.861203,0.0,0,0,1773178591578,2026-03-10T21:36:31.578000+00:00
568660,No,99.65,20477.6015,0.0,0,0,1773178591581,2026-03-10T21:36:31.581000+00:00
568672,No,99.55000000000001,16423.158,0.0,0,0,1773178591583,2026-03-10T21:36:31.583000+00:00
568639,No,97.8,12305.626664999996,0.0,0,0,1773178591586,2026-03-10T21:36:31.586000+00:00
568647,No,98.3,301438.459363,0.0,0,0,1773178591589,2026-03-10T21:36:31.589000+00:00
568661,No,99.6,6379.177082999999,0.0,0,0,1773178591592,2026-03-10T21:36:31.592000+00:00
568669,No,99.15,342746.8172449999,0.0,0,0,1773178591596,2026-03-10T21:36:31.596000+00:00
568640,No,98.0,163083.975003,0.0,0,0,1773178591599,2026-03-10T21:36:31.599000+00:00
568632,No,94.3,6993.250917,0.0,0,0,1773178591603,2026-03-10T21:36:31.603000+00:00
568633,No,96.45,14972.250013,0.0,0,0,1773178591606,2026-03-10T21:36:31.606000+00:00
568648,No,98.25,16829.626271999998,0.0,0,0,1773178591610,2026-03-10T21:36:31.610000+00:00
568670,No,99.55000000000001,5884.543002,0.0,0,0,1773178591613,2026-03-10T21:36:31.613000+00:00
569311,Yes,99.6,27069.169869,0.0,0,0,1773178591616,2026-03-10T21:36:31.616000+00:00
569312,No,99.95,17093.81,0.0,0,0,1773178591620,2026-03-10T21:36:31.620000+00:00
569313,No,99.7,6910.578541,0.0,0,0,1773178591624,2026-03-10T21:36:31.624000+00:00
569342,No,91.9,166891.235341,0.0,0,0,1773178591627,2026-03-10T21:36:31.627000+00:00
569356,No,99.85000000000001,14918.703,0.0,0,0,1773178591631,2026-03-10T21:36:31.631000+00:00
569358,No,99.4,11699.003665,0.0,0,0,1773178591634,2026-03-10T21:36:31.634000+00:00
569359,No,99.85000000000001,26337.877,0.0,0,0,1773178591638,2026-03-10T21:36:31.638000+00:00
569360,No,99.85000000000001,5144.860666,0.0,0,0,1773178591641,2026-03-10T21:36:31.641000+00:00
569362,No,99.85000000000001,21001.925,0.0,0,0,1773178591645,2026-03-10T21:36:31.645000+00:00
569363,No,99.3,6981.529998,0.0,0,0,1773178591649,2026-03-10T21:36:31.649000+00:00
569364,No,99.85000000000001,21515.0,0.0,0,0,1773178591653,2026-03-10T21:36:31.653000+00:00
569366,No,84.5,37669.687735,0.0,0,0,1773178591657,2026-03-10T21:36:31.657000+00:00
569367,No,99.85000000000001,10097.717,0.0,0,0,1773178591661,2026-03-10T21:36:31.661000+00:00
569368,No,54.50000000000001,27043.527661,0.0,0,0,1773178591664,2026-03-10T21:36:31.664000+00:00
569369,No,99.85000000000001,39653.728,0.0,0,0,1773178591667,2026-03-10T21:36:31.667000+00:00
569370,No,99.4,14421.95,0.0,0,0,1773178591672,2026-03-10T21:36:31.672000+00:00
569371,No,99.85000000000001,43785.328,0.0,0,0,1773178591677,2026-03-10T21:36:31.677000+00:00
569372,No,99.85000000000001,12656.843,0.0,0,0,1773178591681,2026-03-10T21:36:31.681000+00:00
569373,No,70.85000000000001,30689.825023000005,0.0,0,0,1773178591683,2026-03-10T21:36:31.683000+00:00
572842,No,99.65,31202.697333,0.0,0,0,1773178591685,2026-03-10T21:36:31.685000+00:00
572848,No,99.35000000000001,43435.108107,0.0,0,0,1773178591687,2026-03-10T21:36:31.687000+00:00
572851,No,99.6,30537.72,0.0,0,0,1773178591689,2026-03-10T21:36:31.689000+00:00
572858,Yes,97.35000000000001,5454.266412999999,0.0,0,0,1773178591691,2026-03-10T21:36:31.691000+00:00
573654,No,99.65,8085.02,0.0,0,0,1773178591694,2026-03-10T21:36:31.694000+00:00
577170,No,99.65,20888.5,0.0,0,0,1773178591695,2026-03-10T21:36:31.695000+00:00
578528,No,95.35,76464.434865,0.0,0,0,1773178591698,2026-03-10T21:36:31.698000+00:00
578539,No,92.7,221133.104472,0.0,0,0,1773178591700,2026-03-10T21:36:31.700000+00:00
578546,No,98.35000000000001,7630.296421,0.0,0,0,1773178591702,2026-03-10T21:36:31.702000+00:00
578553,No,95.39999999999999,5589.44972,0.0,0,0,1773178591705,2026-03-10T21:36:31.705000+00:00
578569,No,99.15,6069.655000000001,0.0,0,0,1773178591707,2026-03-10T21:36:31.707000+00:00
582138,Yes,67.5,8902.201210000001,0.0,0,0,1773178591709,2026-03-10T21:36:31.709000+00:00
690693,No,53.0,6158.094986000001,0.0,0,0,1773178591711,2026-03-10T21:36:31.711000+00:00
599323,Yes,77.0,36995.699068,0.0,0,0,1773178591713,2026-03-10T21:36:31.713000+00:00
599328,No,99.9,33996.33499999999,0.0,0,0,1773178591715,2026-03-10T21:36:31.715000+00:00
601818,No,96.65,12742.878521,0.0,0,0,1773178591717,2026-03-10T21:36:31.717000+00:00
601819,No,53.5,9385.567691,0.0,0,0,1773178591719,2026-03-10T21:36:31.719000+00:00
601820,No,97.8,8575.338077999999,0.0,0,0,1773178591720,2026-03-10T21:36:31.720000+00:00
601821,No,96.85000000000001,19947.727264999998,0.0,0,0,1773178591723,2026-03-10T21:36:31.723000+00:00
601822,No,99.75,10688.754500000001,0.0,0,0,1773178591725,2026-03-10T21:36:31.725000+00:00
601823,No,99.75,25147.227499999986,0.0,0,0,1773178591727,2026-03-10T21:36:31.727000+00:00
601824,No,95.89999999999999,22947.192751000002,0.0,0,0,1773178591729,2026-03-10T21:36:31.729000+00:00
601825,No,94.89999999999999,15996.473285000002,0.0,0,0,1773178591731,2026-03-10T21:36:31.731000+00:00
601826,No,64.0,9622.752261,0.0,0,0,1773178591734,2026-03-10T21:36:31.734000+00:00
604490,Yes,61.5,21979.258501999993,0.0,0,0,1773178591737,2026-03-10T21:36:31.737000+00:00
706279,Yes,85.5,15191.905999,0.0,0,0,1773178591741,2026-03-10T21:36:31.741000+00:00
608543,No,88.3,6204.628085,0.0,0,0,1773178591744,2026-03-10T21:36:31.744000+00:00
609655,No,71.5,29873.186176999992,0.0,0,0,1773178591746,2026-03-10T21:36:31.746000+00:00
1171858,No,87.15,137147.66319899994,0.0,0,0,1773178591748,2026-03-10T21:36:31.748000+00:00
613835,Yes,75.5,78761.62196499998,0.0,0,0,1773178591751,2026-03-10T21:36:31.751000+00:00
613836,No,98.5,96919.41477799999,0.0,0,0,1773178591754,2026-03-10T21:36:31.754000+00:00
613837,No,78.8,71917.743099,0.0,0,0,1773178591756,2026-03-10T21:36:31.756000+00:00
613838,No,99.6,45927.564095999995,0.0,0,0,1773178591757,2026-03-10T21:36:31.757000+00:00
613839,No,99.05000000000001,40213.996701000004,0.0,0,0,1773178591760,2026-03-10T21:36:31.760000+00:00
613841,No,99.85000000000001,56904.44299999999,0.0,0,0,1773178591762,2026-03-10T21:36:31.762000+00:00
613849,No,99.75,90985.01269500001,0.0,0,0,1773178591764,2026-03-10T21:36:31.764000+00:00
613851,No,99.85000000000001,132825.475,0.0,0,0,1773178591766,2026-03-10T21:36:31.766000+00:00
613852,No,99.6,115616.23434999998,0.0,0,0,1773178591768,2026-03-10T21:36:31.768000+00:00
613853,No,99.85000000000001,109960.41400000002,0.0,0,0,1773178591770,2026-03-10T21:36:31.770000+00:00
614007,No,96.2,105249.53302899998,0.0,0,0,1773178591773,2026-03-10T21:36:31.773000+00:00
614008,No,68.5,83141.87324000007,0.0,0,0,1773178591775,2026-03-10T21:36:31.775000+00:00
614012,Yes,59.3,111987.05061899999,0.0,0,0,1773178591777,2026-03-10T21:36:31.777000+00:00
614013,No,96.39999999999999,78361.09155000003,0.0,0,0,1773178591779,2026-03-10T21:36:31.779000+00:00
614018,No,98.15,62567.14335100002,0.0,0,0,1773178591782,2026-03-10T21:36:31.782000+00:00
614252,Yes,69.5,6294.555009,0.0,0,0,1773178591784,2026-03-10T21:36:31.784000+00:00
614257,No,93.05,36342.729461999996,0.0,0,0,1773178591785,2026-03-10T21:36:31.785000+00:00
614261,No,99.25,10406.363625000002,0.0,0,0,1773178591787,2026-03-10T21:36:31.787000+00:00
614268,No,97.89999999999999,24011.554435000002,0.0,0,0,1773178591790,2026-03-10T21:36:31.790000+00:00
614312,No,99.15,5864.595461999999,0.0,0,0,1773178591792,2026-03-10T21:36:31.792000+00:00
614314,No,97.75,6371.958264,0.0,0,0,1773178591794,2026-03-10T21:36:31.794000+00:00
614311,Yes,96.3,9741.030417,0.0,0,0,1773178591796,2026-03-10T21:36:31.796000+00:00
614315,No,99.6,5777.279998,0.0,0,0,1773178591799,2026-03-10T21:36:31.799000+00:00
614321,No,99.5,7113.9176449999995,0.0,0,0,1773178591801,2026-03-10T21:36:31.801000+00:00
614361,Yes,50.449999999999996,19343.115366000005,0.0,0,0,1773178591803,2026-03-10T21:36:31.803000+00:00
614358,No,78.0,151316.193031,0.0,0,0,1773178591805,2026-03-10T21:36:31.805000+00:00
614565,Yes,95.65,15899.434796000003,0.0,0,0,1773178591807,2026-03-10T21:36:31.807000+00:00
614719,Yes,91.5,19392.721263999996,0.0,0,0,1773178591809,2026-03-10T21:36:31.809000+00:00
614722,No,92.95,5965.901613,0.0,0,0,1773178591811,2026-03-10T21:36:31.811000+00:00
614726,No,99.75,11088.683165,0.0,0,0,1773178591814,2026-03-10T21:36:31.814000+00:00
614811,No,99.25,6885.999311999999,0.0,0,0,1773178591816,2026-03-10T21:36:31.816000+00:00
614805,Yes,72.5,72605.100226,0.0,0,0,1773178591817,2026-03-10T21:36:31.817000+00:00
616902,No,84.3,5940.179723000001,0.0,0,0,1773178591820,2026-03-10T21:36:31.820000+00:00
616903,No,73.5,8140.904457,0.0,0,0,1773178591822,2026-03-10T21:36:31.822000+00:00
616905,No,82.5,7997.196454,0.0,0,0,1773178591824,2026-03-10T21:36:31.824000+00:00
616906,No,95.19999999999999,7850.936564000001,0.0,0,0,1773178591826,2026-03-10T21:36:31.826000+00:00
616908,No,98.1,11339.519971000002,0.0,0,0,1773178591828,2026-03-10T21:36:31.828000+00:00
616909,No,98.6,9881.853723999999,0.0,0,0,1773178591830,2026-03-10T21:36:31.830000+00:00
616910,No,99.1,10606.143624999999,0.0,0,0,1773178591832,2026-03-10T21:36:31.832000+00:00
618455,No,74.5,6523.194989000002,0.0,0,0,1773178591834,2026-03-10T21:36:31.834000+00:00
618454,Yes,58.75,9300.668989,0.0,0,0,1773178591836,2026-03-10T21:36:31.836000+00:00
618456,No,96.05,14712.321557,0.0,0,0,1773178591838,2026-03-10T21:36:31.838000+00:00
620682,No,98.6,22065.926353,0.0,0,0,1773178591840,2026-03-10T21:36:31.840000+00:00
936450,No,92.0,5767.63939,0.0,0,0,1773178591842,2026-03-10T21:36:31.842000+00:00
618503,No,99.45,6526.94,0.0,0,0,1773178591844,2026-03-10T21:36:31.844000+00:00
628938,No,94.05,17425.609353,0.0,0,0,1773178591846,2026-03-10T21:36:31.846000+00:00
628944,No,99.45,15457.494166,0.0,0,0,1773178591848,2026-03-10T21:36:31.848000+00:00
628950,No,97.65,81135.816462,0.0,0,0,1773178591850,2026-03-10T21:36:31.850000+00:00
628939,No,99.5,12406.025548,0.0,0,0,1773178591853,2026-03-10T21:36:31.853000+00:00
628941,No,98.05,232912.218077,0.0,0,0,1773178591856,2026-03-10T21:36:31.856000+00:00
628955,No,91.85,65136.96574400001,0.0,0,0,1773178591857,2026-03-10T21:36:31.857000+00:00
629091,No,88.85,91825.053616,0.0,0,0,1773178591859,2026-03-10T21:36:31.859000+00:00
629095,No,98.15,27607.829999999998,0.0,0,0,1773178591861,2026-03-10T21:36:31.861000+00:00
629097,No,92.95,143815.979355,0.0,0,0,1773178591863,2026-03-10T21:36:31.863000+00:00
629099,No,99.2,41353.19,0.0,0,0,1773178591866,2026-03-10T21:36:31.866000+00:00
629105,No,99.3,18260.99,0.0,0,0,1773178591868,2026-03-10T21:36:31.868000+00:00
629092,No,96.65,86157.507023,0.0,0,0,1773178591870,2026-03-10T21:36:31.870000+00:00
629106,No,94.19999999999999,39503.495727,0.0,0,0,1773178591872,2026-03-10T21:36:31.872000+00:00
